rack-test,rack/rack-test,spec_cov,378,378,119,119,2022-07-12
erubi,jeremyevans/erubi,spec_cov,156,156,90,90,2022-08-02
sequel,jeremyevans/sequel,spec_cov,18893,18893,7429,7429,2022-11-22
warning,jeremyevans/ruby-warning,test_cov,70,70,19,19,2022-07-14
american_date,jeremyevans/ruby-american_date,spec_cov,26,26,9,9,2022-07-12
minitest-hooks,jeremyevans/minitest-hooks,spec_cov,73,73,17,17,2022-07-12
sequel_pg,jeremyevans/sequel_pg,spec_cov,118,118,35,35,2022-10-05
roda,jeremyevans/roda,spec_cov,5131,5131,1744,1744,2022-11-10
sequel_postgresql_triggers,jeremyevans/sequel_postgresql_triggers,spec_cov,126,126,4,4,2022-07-12
rodauth,jeremyevans/rodauth,spec_cov,4626,4626,1179,1179,2022-10-21
sequel-annotate,jeremyevans/sequel-annotate,spec_cov,141,141,90,90,2022-07-12
rack-unreloader,jeremyevans/rack-unreloader,spec_cov,271,271,86,86,2022-07-12
cicphash,jeremyevans/ruby-cicphash,test_cov,239,239,73,73,2022-07-12
fixture_dependencies,jeremyevans/fixture_dependencies,spec_cov,208,208,100,100,2022-07-12
apetag,jeremyevans/ape_tag_libs,test_cov,235,235,117,117,2022-07-12
forme,jeremyevans/forme,spec_cov,1648,1648,786,786,2022-11-15
minitest-global_expectations,jeremyevans/minitest-global_expectations,test_cov,7,7,0,0,2022-07-12
hanna-nouveau,jeremyevans/hanna-nouveau,test_cov,169,169,20,20,2022-07-12
roda-route_list,jeremyevans/roda-route_list,spec_cov,54,54,20,20,2022-07-12
autoforme,jeremyevans/autoforme,spec_cov,1140,1140,391,391,2022-07-12
minitest-parallel_fork,jeremyevans/minitest-parallel_fork,spec_cov,49,49,10,10,2022-07-12
thamble,jeremyevans/thamble,spec_cov,106,106,21,21,2022-07-12
refrigerator,jeremyevans/ruby-refrigerator,spec_cov,15,15,2,2,2022-07-12
enum_csv,jeremyevans/enum_csv,spec_cov,21,21,10,10,2022-07-12
subset_sum,jeremyevans/ruby-subset_sum,spec_cov,34,34,20,20,2022-07-12
vorbis_comment,jeremyevans/ruby-vorbis_comment,test_cov,42,42,6,6,2022-07-12
simple_mailer,jeremyevans/simple_mailer,spec_cov,43,43,14,14,2022-07-12
simple_ldap_authenticator,jeremyevans/simple_ldap_authenticator,test_cov,58,58,40,40,2022-07-19
unicorn-lockdown,jeremyevans/unicorn-lockdown,test_cov,279,279,62,62,2022-11-16
kaeruera,jeremyevans/kaeruera,reporter_spec_cov,64,64,24,24,2022-07-12
pledge,jeremyevans/ruby-pledge,spec_cov,20,20,9,9,2022-07-12
capybara-restore_state,jeremyevans/capybara-restore_state,spec_cov,11,11,0,0,2022-07-12
deprecate_public,jeremyevans/ruby-deprecate_public,test_cov,30,30,5,5,2022-07-12
roda-message_bus,jeremyevans/roda-message_bus,spec_cov,23,23,6,6,2022-07-12
visibility_checker,jeremyevans/visibility_checker,test_cov,18,18,6,6,2022-07-12
capybara-validate_html5,jeremyevans/capybara-validate_html5,spec_cov,38,38,7,7,2022-07-12
sequel-postgres-pr,jeremyevans/sequel-postgres-pr,test_cov,335,335,70,70,2022-07-12
